Job ID,Job Title,Rank,Resume ID,Skills,Experience,Education,Domain,Keyword,Resume Quality,Final Score,Recommendation,Evaluation
687428170224095,Account Manager,1,245,20,20,0,10,5,8,67.0,"The candidate has a strong background in project management, program management, and leadership, which aligns with the Account Manager role. However, the lack of a PhD qualification and explicit mention of ""client relationship management"" as a skill or keyword are concerns. Further evaluation and discussion with the candidate are recommended to assess their fit for the role.","Skills Score: 20
Experience Score: 20
Education Score: 0
Domain Score: 10
Keyword Score: 5
Resume Quality Score: 8

Explanation:
1. Skills Match: The candidate has demonstrated client relationship management, customer service, and communication skills, which are essential for the Account Manager role. However, the resume does not explicitly mention ""client relationship management"" as a skill, but it does showcase relevant experience. Therefore, a score of 20 is given.

2. Experience Match: The candidate has 12+ years of experience in project management, program management, and leadership roles, which aligns with the required 5-12 years of experience for the Account Manager position. The candidate's experience in managing multiple complex projects, leading cross-functional teams, and developing processes for client satisfaction also matches the job requirements. A score of 20 is given.

3. Education Match: The candidate's highest educational qualification mentioned is an MBA in Marketing and Management, which does not meet the required PhD qualification for the Account Manager role. Therefore, a score of 0 is given.

4. Domain Relevance: The candidate's experience in managing client relationships, developing processes for client satisfaction, and leading cross-functional teams demonstrates relevance to the Account Manager role. A score of 10 is given.

5. Keyword Match: The candidate's resume mentions ""client facing,"" ""client focus,"" ""stakeholder management,"" and ""client satisfaction,"" which are relevant keywords for the Account Manager role. However, the resume does not explicitly mention ""client relationship management"" as a skill or keyword. A score of 5 is given.

6. Resume Quality Score: The candidate's resume is well-structured, and their experience is clearly described. However, the resume could benefit from a more concise summary and clearer headings. A score of 8 is given.

Recommendation:
The candidate has a strong background in project management, program management, and leadership, which aligns with the Account Manager role. However, the lack of a PhD qualification and explicit mention of ""client relationship management"" as a skill or keyword are concerns. Further evaluation and discussion with the candidate are recommended to assess their fit for the role."
687428170224095,Account Manager,2,4869,10,5,0,5,5,8,33.0,"The candidate has some relevant skills such as customer service, communication skills, and project management, but they do not have a PhD, which is a required qualification for the Account Manager position. The candidate's experience is mostly in unrelated fields like store management, IT project management, and construction. The domain relevance is moderate as the candidate has some experience in client negotiations and customer service. The keyword match is moderate as the candidate has some relevant keywords like client relationships, customer service, and project management. The resume quality is good, but it lacks clarity and organization.","Skills Score: 10
Experience Score: 5
Education Score: 0
Domain Score: 5
Keyword Score: 5
Resume Quality Score: 8

Recommendation:
The candidate has some relevant skills such as customer service, communication skills, and project management, but they do not have a PhD, which is a required qualification for the Account Manager position. The candidate's experience is mostly in unrelated fields like store management, IT project management, and construction. The domain relevance is moderate as the candidate has some experience in client negotiations and customer service. The keyword match is moderate as the candidate has some relevant keywords like client relationships, customer service, and project management. The resume quality is good, but it lacks clarity and organization."
687428170224095,Account Manager,3,113,0,0,0,0,0,8,4.0,"The candidate has a strong resume with a clear and concise format, but it lacks direct relevance to the Account Manager position. The candidate's experience is primarily in IT project management, which is unrelated to the job description. The candidate's education is a Bachelor's degree in Business Administration, which does not meet the job requirement of a PhD. The candidate's skills, such as project management and stakeholder management, are not directly applicable to the Account Manager role. However, the resume is well-written and easy to read, which earns a high Resume Quality Score.","Skills Score: 0
Experience Score: 0
Education Score: 0
Domain Score: 0
Keyword Score: 0
Resume Quality Score: 8

Recommendation:
The candidate has a strong resume with a clear and concise format, but it lacks direct relevance to the Account Manager position. The candidate's experience is primarily in IT project management, which is unrelated to the job description. The candidate's education is a Bachelor's degree in Business Administration, which does not meet the job requirement of a PhD. The candidate's skills, such as project management and stakeholder management, are not directly applicable to the Account Manager role. However, the resume is well-written and easy to read, which earns a high Resume Quality Score."
1017340707950150,Procurement Manager,1,1053,20,15,0,10,5,8,62.0,"The candidate has relevant experience and skills, but their education and keyword match are not ideal. They may require additional training or education to meet the job description's requirements.","Skills Score: 20
Experience Score: 15
Education Score: 0
Domain Score: 10
Keyword Score: 5
Resume Quality Score: 8

Explanation:
1. Skills Match: The candidate has experience in supplier relationship management, contract negotiation, and vendor compliance, which aligns with the job description's requirements. However, they lack explicit mention of supplier diversity programs, diversity and inclusion initiatives, and data collection and reporting. (20/25)

2. Experience Match: The candidate has experience as a vendor relationship analyst, contract manager, and project manager, which demonstrates relevant experience in procurement and contract management. However, the job description requires 5-10 years of experience, and the candidate's resume does not explicitly mention the duration of their experience. (15/25)

3. Education Match: The candidate's resume mentions an MBA from Liberty University, but it does not match the required BBA. (0/15)

4. Domain Relevance: The candidate has experience in procurement, contract management, and vendor relationship management, which is relevant to the job description's requirements. (10/15)

5. Keyword Match: The candidate's resume mentions keywords like ""supplier relationship management,"" ""contract negotiation,"" and ""vendor compliance,"" which align with the job description's requirements. However, they lack explicit mention of ""supplier diversity programs"" and ""diversity and inclusion initiatives."" (5/10)

6. Resume Quality Score: The candidate's resume is well-structured and easy to read, but it lacks clear bullet points and specific examples of their experience. (8/10)

Recommendation: The candidate has relevant experience and skills, but their education and keyword match are not ideal. They may require additional training or education to meet the job description's requirements."
1017340707950150,Procurement Manager,2,1320,15,10,0,10,5,8,50.0,"The candidate has relevant skills such as strategic planning, communication, and relationship building, but lacks specific skills like supplier diversity programs, diversity and inclusion initiatives, and supplier assessment and certification. The candidate's experience as a procurement manager and other roles in supply chain management is relevant, but the years of experience do not match the job description. The candidate's education does not match the job description, as it requires a BBA. The domain relevance is moderate due to the candidate's experience in supply chain management. The keyword match is moderate due to the presence of relevant keywords like strategic planning and supply chain management. The resume quality is good, but could be improved by organizing the information in a more structured manner.","Skills Score: 15
Experience Score: 10
Education Score: 0
Domain Score: 10
Keyword Score: 5
Resume Quality Score: 8

Recommendation:
The candidate has relevant skills such as strategic planning, communication, and relationship building, but lacks specific skills like supplier diversity programs, diversity and inclusion initiatives, and supplier assessment and certification. The candidate's experience as a procurement manager and other roles in supply chain management is relevant, but the years of experience do not match the job description. The candidate's education does not match the job description, as it requires a BBA. The domain relevance is moderate due to the candidate's experience in supply chain management. The keyword match is moderate due to the presence of relevant keywords like strategic planning and supply chain management. The resume quality is good, but could be improved by organizing the information in a more structured manner."
1017340707950150,Procurement Manager,3,4180,10,0,0,0,0,5,16.5,"The candidate's resume does not clearly match the job description in terms of required skills, experience, and education. However, the resume quality is decent, indicating that the candidate has some relevant experience in IT and logistics. To improve their chances, the candidate should highlight their transferable skills, such as project management, cost optimization, and data security, which could be relevant to the procurement manager role. Additionally, the candidate should emphasize any experience they have in supplier diversity programs, diversity and inclusion initiatives, or strategic planning, which are key responsibilities of the Procurement Manager role.","Skills Score: 10
Experience Score: 0
Education Score: 0
Domain Score: 0
Keyword Score: 0
Resume Quality Score: 5

Recommendation:
The candidate's resume does not clearly match the job description in terms of required skills, experience, and education. However, the resume quality is decent, indicating that the candidate has some relevant experience in IT and logistics. To improve their chances, the candidate should highlight their transferable skills, such as project management, cost optimization, and data security, which could be relevant to the procurement manager role. Additionally, the candidate should emphasize any experience they have in supplier diversity programs, diversity and inclusion initiatives, or strategic planning, which are key responsibilities of the Procurement Manager role."
1690092345385690,Business Development Manager,1,113,15,5,10,5,5,8,46.67,"The candidate has a strong educational background with a BBA in International Business Marketing, which matches the job description's requirement for a BBA. However, their experience is mostly in IT project management, which is not directly related to market expansion strategies or sales planning and execution. They do have some experience in market research and data analysis, but it's not explicitly stated that they have experience in developing and executing plans to expand market presence.

To improve their chances, the candidate should highlight their transferable skills, such as project management and stakeholder management, and provide specific examples of how they can apply these skills to a business development role. They should also consider taking courses or gaining experience in market research, sales planning, and execution to make themselves a more competitive candidate.","Skills Score: 15
Experience Score: 5
Education Score: 10
Domain Score: 5
Keyword Score: 5
Resume Quality Score: 8

Recommendation:
The candidate has a strong educational background with a BBA in International Business Marketing, which matches the job description's requirement for a BBA. However, their experience is mostly in IT project management, which is not directly related to market expansion strategies or sales planning and execution. They do have some experience in market research and data analysis, but it's not explicitly stated that they have experience in developing and executing plans to expand market presence.

To improve their chances, the candidate should highlight their transferable skills, such as project management and stakeholder management, and provide specific examples of how they can apply these skills to a business development role. They should also consider taking courses or gaining experience in market research, sales planning, and execution to make themselves a more competitive candidate."
1690092345385690,Business Development Manager,2,4869,15,5,10,5,5,8,46.67,"The candidate has relevant education and some skills that match the job description. However, their experience does not directly align with the job requirements. They have experience in various roles, but none of them are directly related to market expansion or business development. The candidate's skills in market research and sales planning are relevant, but they lack experience in executing market expansion strategies. The resume quality is good, but it could be improved by highlighting relevant achievements and experiences.","Skills Score: 15
Experience Score: 5
Education Score: 10
Domain Score: 5
Keyword Score: 5
Resume Quality Score: 8

Recommendation:
The candidate has relevant education and some skills that match the job description. However, their experience does not directly align with the job requirements. They have experience in various roles, but none of them are directly related to market expansion or business development. The candidate's skills in market research and sales planning are relevant, but they lack experience in executing market expansion strategies. The resume quality is good, but it could be improved by highlighting relevant achievements and experiences."
1690092345385690,Business Development Manager,3,1320,10,5,0,5,5,8,33.0,"The candidate has some relevant skills, such as supply chain management and strategic planning, but they do not explicitly mention market expansion strategies, market research, or sales planning and execution. 

The candidate's experience is mostly in procurement and supply chain management, which is somewhat relevant but does not directly match the job description. 

The candidate has a Master's in Business Administration in Finance, but it does not match the required BBA. 

The candidate has experience in various industries, including construction and energy, which is somewhat relevant to the job description. 

The candidate's resume contains some relevant keywords, such as market expansion, supply chain management, and strategic planning. 

The resume quality is good, with clear and concise bullet points and a clear career progression. However, it could be improved by highlighting relevant skills and experience more prominently.","Skills Score: 10
Experience Score: 5
Education Score: 0
Domain Score: 5
Keyword Score: 5
Resume Quality Score: 8

Recommendation:
The candidate has some relevant skills, such as supply chain management and strategic planning, but they do not explicitly mention market expansion strategies, market research, or sales planning and execution. 

The candidate's experience is mostly in procurement and supply chain management, which is somewhat relevant but does not directly match the job description. 

The candidate has a Master's in Business Administration in Finance, but it does not match the required BBA. 

The candidate has experience in various industries, including construction and energy, which is somewhat relevant to the job description. 

The candidate's resume contains some relevant keywords, such as market expansion, supply chain management, and strategic planning. 

The resume quality is good, with clear and concise bullet points and a clear career progression. However, it could be improved by highlighting relevant skills and experience more prominently."
1747904829392680,Art Teacher,1,4578,20,20,10,10,8,8,76.67,"The candidate has a strong background in art education, with experience as an art teacher and assistant to the curator. However, their technical skills are more geared towards graphic design and web development, which may not be directly applicable to the role of an Art Education Coordinator. The candidate's experience in project coordination and curriculum development is relevant, but their lack of experience in teacher training and program development may be a concern. The candidate's education is relevant, but a BCA is not explicitly mentioned in the resume. The candidate's resume is well-written and easy to follow, but it could be improved by highlighting their relevant experience and skills more clearly.","Skills Score: 20
Experience Score: 20
Education Score: 10
Domain Score: 10
Keyword Score: 8
Resume Quality Score: 8

Recommendation:
The candidate has a strong background in art education, with experience as an art teacher and assistant to the curator. However, their technical skills are more geared towards graphic design and web development, which may not be directly applicable to the role of an Art Education Coordinator. The candidate's experience in project coordination and curriculum development is relevant, but their lack of experience in teacher training and program development may be a concern. The candidate's education is relevant, but a BCA is not explicitly mentioned in the resume. The candidate's resume is well-written and easy to follow, but it could be improved by highlighting their relevant experience and skills more clearly."
1747904829392680,Art Teacher,2,4125,20,15,10,10,5,8,68.67,"The candidate has relevant experience in art education, curriculum development, and student assessments. However, their technical skills are more aligned with web development and graphic design. They lack direct experience in program development, teacher training, and communication skills, which are essential for the Art Education Coordinator role. Their education background is relevant, but it's a Master's in Education, which is not explicitly mentioned in the job description as a required qualification. The candidate's domain relevance is moderate, as they have experience in art education but lack experience in coordinating programs and collaborating with other educators. The keyword match is low, as the candidate's resume does not explicitly mention art education curriculum, program development, or teacher training. The resume quality is average, as it is well-structured but lacks clarity in some sections.","Skills Score: 20
Experience Score: 15
Education Score: 10
Domain Score: 10
Keyword Score: 5
Resume Quality Score: 8

Recommendation:
The candidate has relevant experience in art education, curriculum development, and student assessments. However, their technical skills are more aligned with web development and graphic design. They lack direct experience in program development, teacher training, and communication skills, which are essential for the Art Education Coordinator role. Their education background is relevant, but it's a Master's in Education, which is not explicitly mentioned in the job description as a required qualification. The candidate's domain relevance is moderate, as they have experience in art education but lack experience in coordinating programs and collaborating with other educators. The keyword match is low, as the candidate's resume does not explicitly mention art education curriculum, program development, or teacher training. The resume quality is average, as it is well-structured but lacks clarity in some sections."
1747904829392680,Art Teacher,3,1531,5,0,0,0,0,5,9.5,"The candidate does not seem to match the job description well. They lack relevant experience and education in art education, and their skills are not directly related to the job requirements.","Skills Score: 5
Experience Score: 0
Education Score: 0
Domain Score: 0
Keyword Score: 0
Resume Quality Score: 5

Explanation:
- Skills Match: The candidate has some relevant skills like 'photographer' and 'videographer', but they are not directly related to art education. The candidate also has 'teacher' and 'marketing' skills, but they are not explicitly mentioned in the job description. (5/25)
- Experience Match: The candidate's resume does not explicitly mention any experience in art education or teaching. (0/25)
- Education Match: The candidate has a BA in Communications, which is not directly related to art education. (0/15)
- Domain Relevance: The candidate's resume does not show any direct relevance to the art education domain. (0/15)
- Keyword Match: The candidate's resume does not explicitly mention any keywords like 'art education curriculum', 'program development', or 'teacher training'. (0/10)
- Resume Quality Score: The candidate's resume is not well-structured and does not clearly highlight their relevant skills and experience. However, it does mention some relevant skills like 'photographer' and 'videographer'. (5/10)

Recommendation:
The candidate does not seem to match the job description well. They lack relevant experience and education in art education, and their skills are not directly related to the job requirements."
1822636506606589,Art Teacher,1,4125,20,15,0,10,5,8,62.0,"The candidate has relevant experience in art education, curriculum development, and student assessments. However, their educational background does not match the job requirements, as they hold an MA in Education, which is not mentioned in the job description. The candidate's skills in art education, curriculum development, and communication are relevant, but they lack technical skills such as program development and teacher training. The candidate's experience as an art teacher assistant and curator assistant demonstrates domain relevance, but their experience as a front-end web developer and project coordinator is not directly related to the job. The candidate's resume is well-structured, but it could be improved by highlighting their relevant experience and skills more clearly.","Skills Score: 20
Experience Score: 15
Education Score: 0
Domain Score: 10
Keyword Score: 5
Resume Quality Score: 8

Recommendation:
The candidate has relevant experience in art education, curriculum development, and student assessments. However, their educational background does not match the job requirements, as they hold an MA in Education, which is not mentioned in the job description. The candidate's skills in art education, curriculum development, and communication are relevant, but they lack technical skills such as program development and teacher training. The candidate's experience as an art teacher assistant and curator assistant demonstrates domain relevance, but their experience as a front-end web developer and project coordinator is not directly related to the job. The candidate's resume is well-structured, but it could be improved by highlighting their relevant experience and skills more clearly."
1822636506606589,Art Teacher,2,4578,20,15,0,10,5,8,62.0,"The candidate has relevant experience in art education, curriculum development, and student assessments. However, their educational background does not match the job requirements, as they hold an MA in Education, which is not mentioned in the job description. The candidate's skills in art education, curriculum development, and communication are relevant, but they lack technical skills such as program development and teacher training. The candidate's experience as an art teacher assistant and curator assistant demonstrates domain relevance, but their experience as a front-end web developer and project coordinator is not directly related to the job. The candidate's resume is well-structured, but it could be improved by highlighting their relevant experience and skills more clearly.","Skills Score: 20
Experience Score: 15
Education Score: 0
Domain Score: 10
Keyword Score: 5
Resume Quality Score: 8

Recommendation:
The candidate has relevant experience in art education, curriculum development, and student assessments. However, their educational background does not match the job requirements, as they hold an MA in Education, which is not mentioned in the job description. The candidate's skills in art education, curriculum development, and communication are relevant, but they lack technical skills such as program development and teacher training. The candidate's experience as an art teacher assistant and curator assistant demonstrates domain relevance, but their experience as a front-end web developer and project coordinator is not directly related to the job. The candidate's resume is well-structured, but it could be improved by highlighting their relevant experience and skills more clearly."
1822636506606589,Art Teacher,3,1531,5,0,0,0,0,5,9.5,"The candidate does not seem to match the job description well. They lack relevant experience, education, and skills in art education. However, they do have some transferable skills like customer service and problem-solving. It would be beneficial for the candidate to gain relevant experience and education in art education to be considered for this role.","Skills Score: 5
Experience Score: 0
Education Score: 0
Domain Score: 0
Keyword Score: 0
Resume Quality Score: 5

Explanation:
- Skills Match: The candidate has some artistic skills (photographer, videographer), but they are not explicitly mentioned as part of art education curriculum development or teacher training. However, they do have some relevant skills like marketing and customer service. (Score: 5)
- Experience Match: There is no relevant experience mentioned in the resume that matches the job description. (Score: 0)
- Education Match: The candidate has a BA in Communications, which does not match the required M.Com qualification. (Score: 0)
- Domain Relevance: The candidate's experience is mostly in marketing, photography, and film direction, which is not directly related to art education. (Score: 0)
- Keyword Match: The resume does not explicitly mention any keywords from the job description like ""art education curriculum,"" ""program development,"" or ""teacher training."" (Score: 0)
- Resume Quality Score: The resume is not well-structured and does not clearly highlight the candidate's relevant skills and experience. However, it does mention some relevant skills like customer service and problem-solving. (Score: 5)

Recommendation:
The candidate does not seem to match the job description well. They lack relevant experience, education, and skills in art education. However, they do have some transferable skills like customer service and problem-solving. It would be beneficial for the candidate to gain relevant experience and education in art education to be considered for this role."
1891291129748729,Event Planner,1,4869,0,0,0,0,0,5,2.5,"The candidate's resume does not explicitly mention any skills related to wedding planning, venue selection, catering, floral and decor design, or wedding etiquette. However, the resume quality is decent, with a clear and concise format. The candidate has a strong background in business administration and management, but it does not directly relate to the event planning role.","Skills Score: 0
Experience Score: 0
Education Score: 0
Domain Score: 0
Keyword Score: 0
Resume Quality Score: 5

Recommendation:
The candidate's resume does not explicitly mention any skills related to wedding planning, venue selection, catering, floral and decor design, or wedding etiquette. However, the resume quality is decent, with a clear and concise format. The candidate has a strong background in business administration and management, but it does not directly relate to the event planning role."
1891291129748729,Event Planner,2,4419,0,0,0,0,0,5,2.5,"The candidate has a strong resume in terms of structure and content, but lacks direct experience and skills relevant to the Event Planner role. They have experience as an Event Coordinator, but it's not explicitly mentioned in the resume. The candidate's skills, such as project management and communication, are transferable but not directly applicable to the Event Planner role. The candidate's education is in Marketing and Hospitality, which is somewhat relevant but not directly applicable to the Event Planner role. The candidate's experience in customer service and IT security is unrelated to the Event Planner role. The candidate's skills in MS Office and analytical problem-solving are not directly applicable to the Event Planner role.","Skills Score: 0
Experience Score: 0
Education Score: 0
Domain Score: 0
Keyword Score: 0
Resume Quality Score: 5

Recommendation:
The candidate has a strong resume in terms of structure and content, but lacks direct experience and skills relevant to the Event Planner role. They have experience as an Event Coordinator, but it's not explicitly mentioned in the resume. The candidate's skills, such as project management and communication, are transferable but not directly applicable to the Event Planner role. The candidate's education is in Marketing and Hospitality, which is somewhat relevant but not directly applicable to the Event Planner role. The candidate's experience in customer service and IT security is unrelated to the Event Planner role. The candidate's skills in MS Office and analytical problem-solving are not directly applicable to the Event Planner role."
1891291129748729,Event Planner,3,4848,0,0,0,0,0,5,2.5,"The candidate's resume does not explicitly mention any skills required for the Event Planner role, such as wedding planning, venue selection, catering and menu planning, floral and decor design, or wedding etiquette. However, the resume does demonstrate strong project management skills, which could be transferable to the role. The candidate's experience is also not relevant to the Event Planner role. The education is not relevant to the role as it is an MBA in Marketing. The resume quality is average due to the lack of clarity and relevance to the job description.","Skills Score: 0
Experience Score: 0
Education Score: 0
Domain Score: 0
Keyword Score: 0
Resume Quality Score: 5

Recommendation:
The candidate's resume does not explicitly mention any skills required for the Event Planner role, such as wedding planning, venue selection, catering and menu planning, floral and decor design, or wedding etiquette. However, the resume does demonstrate strong project management skills, which could be transferable to the role. The candidate's experience is also not relevant to the Event Planner role. The education is not relevant to the role as it is an MBA in Marketing. The resume quality is average due to the lack of clarity and relevance to the job description."
2252571142854596,Architect,1,2590,0,0,0,0,0,5,2.5,"The candidate's resume does not match the job description in terms of skills, experience, education, and domain relevance. However, the resume is well-written and easy to read, which is reflected in the Resume Quality Score. 

The candidate lacks experience in architectural design software, building codes and regulations, and 3D modeling, which are essential skills for the Architect role. Their experience is primarily in graphic design, web development, and motion graphics, which are unrelated to the job description. The candidate also does not have a relevant degree (M.Com) as required by the job description. 

The candidate's skills and experience are more aligned with a graphic designer or web developer role rather than an Architect role. Therefore, it is not recommended to move forward with this candidate for the Architect position.","Skills Score: 0
Experience Score: 0
Education Score: 0
Domain Score: 0
Keyword Score: 0
Resume Quality Score: 5

Recommendation:
The candidate's resume does not match the job description in terms of skills, experience, education, and domain relevance. However, the resume is well-written and easy to read, which is reflected in the Resume Quality Score. 

The candidate lacks experience in architectural design software, building codes and regulations, and 3D modeling, which are essential skills for the Architect role. Their experience is primarily in graphic design, web development, and motion graphics, which are unrelated to the job description. The candidate also does not have a relevant degree (M.Com) as required by the job description. 

The candidate's skills and experience are more aligned with a graphic designer or web developer role rather than an Architect role. Therefore, it is not recommended to move forward with this candidate for the Architect position."
2252571142854596,Architect,2,2969,0,0,0,0,0,5,2.5,"The candidate's resume does not clearly match the job requirements for an Architect. The candidate has experience in web development, graphic design, and game design, but lacks experience in architectural design software, building codes, and regulations. The candidate's education is in Computer Graphics Technology, which is not directly related to architecture. The resume does not contain any keywords from the job description, except for ""3D modeling"" which is mentioned but not in the context of architectural design. The resume quality is average, with some relevant skills and experience, but not enough to match the job requirements.","Skills Score: 0
Experience Score: 0
Education Score: 0
Domain Score: 0
Keyword Score: 0
Resume Quality Score: 5

Recommendation:
The candidate's resume does not clearly match the job requirements for an Architect. The candidate has experience in web development, graphic design, and game design, but lacks experience in architectural design software, building codes, and regulations. The candidate's education is in Computer Graphics Technology, which is not directly related to architecture. The resume does not contain any keywords from the job description, except for ""3D modeling"" which is mentioned but not in the context of architectural design. The resume quality is average, with some relevant skills and experience, but not enough to match the job requirements."
2252571142854596,Architect,3,518,0,0,0,0,0,5,2.5,"The candidate's resume does not clearly match the job requirements for an Architect. The candidate has extensive experience in software development, architecture, and project management, but lacks any relevant experience in architectural design or building codes and regulations. The resume also does not mention any architectural design software, 3D modeling, or visualization skills, which are essential for the job. The education qualification mentioned is a Bachelor's degree, which is not explicitly mentioned in the job description as a requirement. The resume quality is average due to the lack of clear and concise information about the candidate's experience and skills.","Skills Score: 0
Experience Score: 0
Education Score: 0
Domain Score: 0
Keyword Score: 0
Resume Quality Score: 5

Recommendation:
The candidate's resume does not clearly match the job requirements for an Architect. The candidate has extensive experience in software development, architecture, and project management, but lacks any relevant experience in architectural design or building codes and regulations. The resume also does not mention any architectural design software, 3D modeling, or visualization skills, which are essential for the job. The education qualification mentioned is a Bachelor's degree, which is not explicitly mentioned in the job description as a requirement. The resume quality is average due to the lack of clear and concise information about the candidate's experience and skills."
2421048253959975,Architectural Designer,1,3766,10,0,0,0,5,5,21.5,"The candidate does not seem to have the necessary skills and experience for the Architectural Designer position. However, they may be a good fit for a different role within the organization that leverages their administrative and database skills.","Skills Score: 10
Experience Score: 0
Education Score: 0
Domain Score: 0
Keyword Score: 5
Resume Quality Score: 5

Explanation:
- Skills Match: The candidate has experience with database administration, but there is no mention of AutoCAD, 2D and 3D modeling, or blueprint reading, which are essential skills for an Architectural Designer. (Score: 10)
- Experience Match: There is no relevant experience mentioned in the resume that matches the job description. (Score: 0)
- Education Match: The candidate has an Associate in Architectural Drafting, which is relevant to the job. However, an MBA is not required for this position. (Score: 0)
- Domain Relevance: The candidate's experience is mostly in administrative and database-related roles, which is not relevant to the architectural design domain. (Score: 0)
- Keyword Match: The candidate has mentioned being detail-oriented, which is a required skill. However, they also mentioned being a membership manager, database administrator, and other unrelated roles. (Score: 5)
- Resume Quality Score: The resume is not well-structured and does not clearly highlight the candidate's relevant skills and experience. (Score: 5)

Recommendation:
The candidate does not seem to have the necessary skills and experience for the Architectural Designer position. However, they may be a good fit for a different role within the organization that leverages their administrative and database skills."
2421048253959975,Architectural Designer,2,931,10,0,0,0,5,5,21.5,"The candidate does not appear to be a strong match for the Architectural Designer role. They lack relevant experience, education, and skills. It would be beneficial to provide additional training or guidance to help the candidate develop the necessary skills and qualifications for the role.","Skills Score: 10
Experience Score: 0
Education Score: 0
Domain Score: 0
Keyword Score: 5
Resume Quality Score: 5

Explanation:
- Skills Match: The candidate has mentioned AutoCAD, which is a required skill. However, they have also mentioned unrelated skills like Photoshop, Illustrator, and JavaScript. Therefore, the score is 10 out of 25.
- Experience Match: There is no relevant experience mentioned in the resume that matches the job description. The candidate has mentioned various unrelated roles and experiences. Therefore, the score is 0 out of 25.
- Education Match: There is no MBA mentioned in the resume, which is a required qualification. Therefore, the score is 0 out of 15.
- Domain Relevance: The candidate has mentioned various unrelated roles and experiences, such as customer service, sales, and marketing. Therefore, the score is 0 out of 15.
- Keyword Match: The candidate has mentioned some relevant keywords like CAD, drafting, and AutoCAD. However, they have also mentioned unrelated keywords like SEO, HTML, and CSS. Therefore, the score is 5 out of 10.
- Resume Quality Score: The resume is disorganized and lacks clarity. It appears to be a collection of unrelated skills and experiences. Therefore, the score is 5 out of 10.

Recommendation:
The candidate does not appear to be a strong match for the Architectural Designer role. They lack relevant experience, education, and skills. It would be beneficial to provide additional training or guidance to help the candidate develop the necessary skills and qualifications for the role."
2421048253959975,Architectural Designer,3,2590,0,0,0,0,0,5,2.5,"The candidate's resume does not match the job description in any of the required categories. The candidate has experience in graphic design, web development, and motion graphics, but none of these skills are relevant to the Architectural Designer role. The candidate's education is also not relevant to the job description, as they have a Bachelor of Science in Arts Animation, which is not a requirement for the Architectural Designer position. The candidate's resume is well-written and easy to read, but it does not demonstrate any relevant skills or experience for the job.","Skills Score: 0
Experience Score: 0
Education Score: 0
Domain Score: 0
Keyword Score: 0
Resume Quality Score: 5

Recommendation:
The candidate's resume does not match the job description in any of the required categories. The candidate has experience in graphic design, web development, and motion graphics, but none of these skills are relevant to the Architectural Designer role. The candidate's education is also not relevant to the job description, as they have a Bachelor of Science in Arts Animation, which is not a requirement for the Architectural Designer position. The candidate's resume is well-written and easy to read, but it does not demonstrate any relevant skills or experience for the job."
2438881208917048,Family Lawyer,1,2511,20,15,5,10,5,8,65.33,"The candidate has a strong background in law, with experience as a staff attorney, associate attorney, and law clerk. However, their experience is more focused on litigation and case management rather than mediation. They do possess some relevant skills such as conflict resolution, negotiation, and communication skills, but their technical skills in mediation and mediation techniques are not explicitly mentioned. Their education is relevant, but the JD is not explicitly mentioned as a requirement in the job description. The candidate's resume quality is good, but it could be improved by highlighting their relevant experience and skills more clearly.","Skills Score: 20
Experience Score: 15
Education Score: 5
Domain Score: 10
Keyword Score: 5
Resume Quality Score: 8

Recommendation:
The candidate has a strong background in law, with experience as a staff attorney, associate attorney, and law clerk. However, their experience is more focused on litigation and case management rather than mediation. They do possess some relevant skills such as conflict resolution, negotiation, and communication skills, but their technical skills in mediation and mediation techniques are not explicitly mentioned. Their education is relevant, but the JD is not explicitly mentioned as a requirement in the job description. The candidate's resume quality is good, but it could be improved by highlighting their relevant experience and skills more clearly."
2438881208917048,Family Lawyer,2,1531,10,0,0,0,0,5,16.5,"The candidate's resume does not clearly match the job description. The candidate has a BA in Communications, but it does not match the required BA qualification. The candidate's experience is mostly unrelated to the job description, and there is no mention of mediation, conflict resolution, or legal knowledge. The skills mentioned in the resume, such as communication skills and problem-solving, are relevant but not specific to the job description. The resume quality is average due to the lack of clarity and relevance to the job description.","Skills Score: 10
Experience Score: 0
Education Score: 0
Domain Score: 0
Keyword Score: 0
Resume Quality Score: 5

Recommendation:
The candidate's resume does not clearly match the job description. The candidate has a BA in Communications, but it does not match the required BA qualification. The candidate's experience is mostly unrelated to the job description, and there is no mention of mediation, conflict resolution, or legal knowledge. The skills mentioned in the resume, such as communication skills and problem-solving, are relevant but not specific to the job description. The resume quality is average due to the lack of clarity and relevance to the job description."
2438881208917048,Family Lawyer,3,2573,5,0,0,0,0,5,9.5,"The candidate's resume does not clearly match the job description for a Family Lawyer. The candidate lacks relevant experience in the field of law, and their education is not in a related field. The skills mentioned in the resume, such as communication and problem-solving, are not specific to mediation or conflict resolution. The candidate's work experience is primarily in sales, customer support, and technical roles, which are unrelated to the job description. The resume quality is average, with a clear format but a lack of relevant information.","Skills Score: 5
Experience Score: 0
Education Score: 0
Domain Score: 0
Keyword Score: 0
Resume Quality Score: 5

Recommendation:
The candidate's resume does not clearly match the job description for a Family Lawyer. The candidate lacks relevant experience in the field of law, and their education is not in a related field. The skills mentioned in the resume, such as communication and problem-solving, are not specific to mediation or conflict resolution. The candidate's work experience is primarily in sales, customer support, and technical roles, which are unrelated to the job description. The resume quality is average, with a clear format but a lack of relevant information."
3068000579894602,Environmental Consultant,1,2439,15,5,0,5,5,5,38.5,"The candidate's resume shows potential in terms of their education and domain relevance. However, they lack the necessary technical skills and relevant experience for the Environmental Consultant role. It is recommended that the candidate acquire the necessary skills and experience before applying for this position.","Skills Score: 15
Experience Score: 5
Education Score: 0
Domain Score: 5
Keyword Score: 5
Resume Quality Score: 5

Explanation:
1. Skills Match: The candidate has experience with GIS work, which is relevant to the job description. However, they lack experience with environmental regulations, reporting, and technical writing, which are essential skills for the Environmental Consultant role. (Score: 15)

2. Experience Match: The candidate has experience as a project manager, IT assistant, and intern, but none of these roles are directly related to environmental consulting. They also lack experience in conducting environmental impact assessments (EIAs) and collaborating with project teams and regulators. (Score: 5)

3. Education Match: The candidate's degree is in Environmental Studies, which is relevant to the job description. However, the job description requires a B.Com, which is not mentioned in the resume. (Score: 0)

4. Domain Relevance: The candidate has experience in GIS work, which is relevant to the job description. However, they lack experience in environmental regulations, reporting, and technical writing, which are essential skills for the Environmental Consultant role. (Score: 5)

5. Keyword Match: The candidate's resume mentions keywords such as GIS, technical writing, and data analysis, which are relevant to the job description. However, they lack keywords such as environmental regulations, reporting, and environmental impact analysis. (Score: 5)

6. Resume Quality Score: The candidate's resume is not well-organized, and it lacks clarity in terms of their work experience and skills. (Score: 5)

Recommendation:
The candidate's resume shows potential in terms of their education and domain relevance. However, they lack the necessary technical skills and relevant experience for the Environmental Consultant role. It is recommended that the candidate acquire the necessary skills and experience before applying for this position."
3068000579894602,Environmental Consultant,2,3147,15,5,0,5,5,5,38.5,"The candidate's resume shows potential in terms of their education and domain relevance. However, they lack the necessary technical skills and relevant experience for the Environmental Consultant role. It is recommended that the candidate acquire the necessary skills and experience before applying for this position.","Skills Score: 15
Experience Score: 5
Education Score: 0
Domain Score: 5
Keyword Score: 5
Resume Quality Score: 5

Explanation:
1. Skills Match: The candidate has experience with GIS work, which is relevant to the job description. However, they lack experience with environmental regulations, reporting, and technical writing, which are essential skills for the Environmental Consultant role. (Score: 15)

2. Experience Match: The candidate has experience as a project manager, IT assistant, and intern, but none of these roles are directly related to environmental consulting. They also lack experience in conducting environmental impact assessments (EIAs) and collaborating with project teams and regulators. (Score: 5)

3. Education Match: The candidate's degree is in Environmental Studies, which is relevant to the job description. However, the job description requires a B.Com, which is not mentioned in the resume. (Score: 0)

4. Domain Relevance: The candidate has experience in GIS work, which is relevant to the job description. However, they lack experience in environmental regulations, reporting, and technical writing, which are essential skills for the Environmental Consultant role. (Score: 5)

5. Keyword Match: The candidate's resume mentions keywords such as GIS, technical writing, and data analysis, which are relevant to the job description. However, they lack keywords such as environmental regulations, reporting, and environmental impact analysis. (Score: 5)

6. Resume Quality Score: The candidate's resume is not well-organized, and it lacks clarity in terms of their work experience and skills. (Score: 5)

Recommendation:
The candidate's resume shows potential in terms of their education and domain relevance. However, they lack the necessary technical skills and relevant experience for the Environmental Consultant role. It is recommended that the candidate acquire the necessary skills and experience before applying for this position."
3068000579894602,Environmental Consultant,3,4899,10,0,0,0,0,5,16.5,"The candidate does not match the job description well, and their experience and education are not relevant to the position. They may need to gain more experience and education in environmental consulting to be considered for this role.","Skills Score: 10
Experience Score: 0
Education Score: 0
Domain Score: 0
Keyword Score: 0
Resume Quality Score: 5

Explanation:
- Skills Match: The candidate has experience with Python, HTML, and CSS, but these are not explicitly mentioned in the job description as required skills. However, the candidate has experience with CRM, which is a relevant skill. The candidate does not have experience with GIS, which is a required skill. (10/25)
- Experience Match: The candidate's resume does not mention any experience related to environmental impact analysis, environmental regulations, or technical writing, which are key responsibilities of the job. (0/25)
- Education Match: The candidate has a Bachelor of Arts in Environmental Studies, which is close to the required B.Com, but not a direct match. (0/15)
- Domain Relevance: The candidate's experience is primarily in sales, customer service, and project management, which is unrelated to environmental consulting. (0/15)
- Keyword Match: The candidate's resume does not mention any keywords from the job description, such as environmental impact analysis, environmental regulations, or GIS. (0/10)
- Resume Quality Score: The candidate's resume is not well-organized and does not clearly highlight relevant skills or experience. (5/10)

Recommendation:
The candidate does not match the job description well, and their experience and education are not relevant to the position. They may need to gain more experience and education in environmental consulting to be considered for this role."
